Szó;Eredete
ab aeterno;latin
ab origine;latin
ab ovo;latin
abakusz;görög
abandon;angol
abarognózis;latin
abasia;latin
abat-jour;francia
abaton;görög
abba;héber
abbau;német
abbé;francia
abblende;német
abbreviáció;latin
abbreviál;latin
abcug;német
abcúgol;német
abd;arab
abdomen;latin
abdominális;latin
abdukció;latin
aberráció;latin
aberráns;latin
abfall;német
abgesang;német
abhorreszkál;latin
abituriens;német
abjuráció;latin
abláció;latin
ablaktáció;latin
ablativus;latin
ablaut;német
ablepszia;latin
ablúció;latin
abnegáció;latin
abrazív;latin
abriktol;német
abscessus;latin
absnicli;német
abszolutórium;latin
abszolvál;latin
abúlia;görög-latin
abundancia;spanyol
abúzus;latin
acceptál;angol
accusativus;latin
aciditás;latin
acidózis;görög-latin
activum;latin
ad arma;latin
ad deliberandum;latin
ad extremum;latin
ad hoc;latin
ad honores;latin
ad inferos;latin
ad infinitum;latin
ad interim;latin
ad libitum;latin
ad multos annos;latin
ad personam;latin
ad tempus vitae;latin
ad usum externi;latin
ad valorem;latin
ad vocem;latin
adaptáció;latin
adaptál;latin
adaptív;latin
addenda;latin
addendum;latin
addíció;latin
addicionális;latin
addiktív;latin
additív;latin
adekvál;latin
adekvát;latin
adendrikum;görög
adespoton;görög
adhézió;latin
adhortáció;latin
adiafánia;görög
adinámia;latin
adipositas;latin
adjektívum;latin
adjutáns;latin
adminisztrál;latin
admirális;arab-francia
Adonáj;héber
adoptál;angol
adoráció;latin
adstipulál;latin
adsztrátum;latin
adsztringens;latin
advent;latin
adventív;latin
adverbium;latin
advokát;német
aerárium;görög
aerodróm;görög
aerofóbia;görög
aeronauta;görög
aeronautika;görög+latin
aestimatórius;latin
aestivatio;latin
afázia;görög
afélium;görög
affektál;angol
afferens;latin
affettuoso;olasz
affiche;francia
agapé;görög
agentúra;latin
agglomeráció;latin
agglomerált;latin
aggregát;latin
agilis;latin
agilitás;latin
agitál;latin
agnoszticizmus;görög-latin
agnózia;görög
agónia;görög
agresszor;latin
AIDS;angol
Aión;latin
ajvár;szerb (balkán)
ajvékol;jiddis
akatafázia;görög
akceptál;latin
akceptálni;latin
akcia;latin
akefal;görög
akkreditál;francia
akkumuláció;latin
akmeizmus;görög
akroníma;angol
akrotérion;görög
aktor;latin
akut;latin
akvarisztika;latin
akvirál;latin
akvizíció;latin
albínó;portugál
alexia;görög
algebra;perzsa
alkalofil;latin
alkazár;arab
alkóv;arab
all inclusive;angol
alla rinfusa;olasz
alleluja;héber
allódium;német, latin
allokáció;latin
allúzió;latin
all?r;francia
alma mater;latin
almanach;arab-német
almárium;spanyol
alogizmus;görög-latin
alpakka;német
altigráf;latin-görög
alumni;latin
amaurosis;görög-latin
ambidexter;latin
ambiguitás;latin
ambivalens;latin
amblyopia;görög-latin
amenorrhoea;görög
ametiszt;görög
amfibólia;görög
amfiteátrális;görög-latin
amice;latin
amictus;latin
amigdala;latin
amikron;görög
amnesztia;görög
amor;latin
amorális;latin
ampelográfia;görög
amphibia;latin
amplifikáció;görög
amulett;latin
anafilaxia;görög
anakoréta;görög
anamnézis;görög
ananké;görög
anarchia;görög
anatéma;görög
anciennitás;francia-latin
andante;olasz
andragógus;görög
androfóbia;görög
androgün;görög
anekdota;görög
angina;latin
angina pectoris;latin
animáció;latin
anime;japán
ankét;francia
annales;latin
annihilál;latin
anno;latin
anno dacumál;latin+német
annuitás;latin
annulál;latin
anonsz;francia
anschluss;német
antagonisztikus;görög-latin
antediluviális;latin
anthrax;görög
anticipáció;latin
anticipál;latin
antifóna;görög
antikva;latin
antikvárium;Latin
antinómia;görög
antipódus;görög
antitalentum;latin
antracén;görög
antracit;görög
antropikus;görög
antropocentrizmus;görög-latin
antropofágia;görög
antropomorf;görög
antropomorfizál;görög
antropomorfizmus;görög
antroponómia;latin
anulus;latin
anziksz;német
apanázs;francia
apartheid;Búr
apátia;latin
apellál;latin
apex;latin
apofízis;görög
apofónia;görög
apogeum;görög
apokrif;görög
apologetika;görög
apoplexia;görög
aporia;görög
apostille;francia
aposzelénium;görög
apparens;latin
appendix;latin
appercipiál;latin
applikáció;latin
applikatív;latin
apport;francia
apportíroz;német
approximáció;latin
apriorisztikus;latin
arbitrálás;latin
archeológus;görög
archeozoikum;görög-latin
archetipikus;görög
archetípus;görög
architektúra;görög
archiválás;latin
archívum;latin
archontológia;latin
areóla;latin
areté;görög
argumentáció;latin
árgus;görög
arkánum;latin
arkatúra;latin
arktikus;görög
armageddon;görög
armális;latin
aroma;görög
arrak;arab
arrogáns;latin
Artemisia;görög
aspektus;latin
aspirál;latin
asszociál;angol
asszonancia;latin
aszisztolé;görög
aszkéta;görög
asztag;szláv
asztigmatizmus;görög
asztrológia;latin-görög
ataraxia;görög
atavisztikus;latin
atavizmus;latin
ateizmus;görög
athnáme;török
atmométer;görög
átrium;latin
atrocitás;latin
atrófia;görög
attacca;olasz
attak;német
attakíroz;francia, német
attasé;francia
attit?d;latin
attrakció;latin
attraktív;latin
attribútum;latin
auditál;angol
auditórium;latin
aufklérista;német
auktoritás;latin
aul;török
aurum;latin
autarchia;görög
autarkia;görög
autentikus;latin
autobiográfia;görög
autochton;görög
autogram;görög
Autokinézis;görög
autolízis;görög
autonóm;latin
autonómia;görög
autopoézis;görög
autopszia;görög
autoreguláció;görög-latin
autoreprodukció;görög-latin
autoriter;latin
autotelikus;görög
avatár;szanszkrit
avers;francia
aves;latin
avitaminózis;görög-latin
axiológia;görög
axióma;görög
axiomatikus;görög
azúr;perzsa
azurit;perzsa-görög
bajadér;portugál
bakacsin;olasz
bakfis;német
baklava;török
baksis;perzsa
baldachin;német
banális;francia
bandázs;francia
barbakán;latin
barbár;latin
barchesz;jiddis
baton;francia
baziliszkusz;görög
bazofóbia;görög
beamter;német
bedekker;német
bég;török
belég;német
belletrisztika;francia
bemószerol;héber
benedikció;latin
benefícium;latin
benevolizál;latin
beriberi;indiai
bertáfol;német
berzerker;Óskandináv
bessz;francia
bestseller;angol
biannuális;latin
bibas;roma
bibelot;francia
bifláz;német
bifurkáció;latin
bigott;francia
bilanz;német
bilaterális;latin
biluxlámpa;latin
bimodális;angol
bioplaszt;görög
biopszia;görög
bioszenzor;görög
bipolaritás;latin
bise;francia
biszexuális;latin
bisztró;francia
bizarr;spanyol
blamázs;francia
blaszfémia;görög
blasztogenezis;latin
blattol;német
blazírt;német
blockflöte;német
bl?d;német
bl?dlizik;német
bódé;német
bognár;német-német
bojár;orosz
bokály;olasz
boletta;olasz
bona fide;latin
bonitás;latin
bónusz;latin
bornírt;francia
bradycardia;latin
brahi;jiddis
breviárium;latin
bridzs;angol
brigadéros;francia
brindza;román
brokát;francia
brusztol;német
bukolikus;görög-latin
bulcsázni;roma
buleutérion;görög
bulgur;török
bulino;olasz, angol
bulletin;francia
burleszk;olasz
burzsoázia;francia
burzsuj;francia-orosz
busidó;japán
buspiron;latin
bürokrácia;francia
bürokrata;francia
café;francia
café-restaurant;francia
cafuzo;portugál
candela;latin
capistráng;német
caplizik;német
carpe diem;latin
castellum;latin
casting;angol
casus belli;latin
cataracta;latin
cekker;német
celeb;latin
celebrál;latin
celebritás;latin
celluláris;latin
centrum;latin
cenzeál;latin
cenzor;latin
cenzúra;latin
cenzus;latin
ceremoniálé;latin
cezúra;latin
chiffre;francia
chutney;hindi
cibuk;török
cifferblatt;német
ciklikus;görög-latin
cilicium;latin
cinerária;latin
cingulum;latin
cinizmus;görög
cirka;latin
ciszter;görög
citoplazma;latin
cívis;latin
cizellált;német
coetus;latin
coitus;latin
coitus interruptus;latin
colitis;görög
colstok;német
comitia;latin
comme il faut;francia
communis;latin
concilium;Latin
condottieri;olasz
conjuctiva;latin
córesz;jiddis
cornea;latin
corpus;latin
corpus delicti;latin
cracker;angol
csencsel;angol
csernozjom;orosz
csimborasszó;spanyol
csinovnyik;orosz
csízió;latin
csobán;török
csorten;tibeti
curriculáris;latin
curriculum vitae;latin
cvíder;német
cvikli;német
Dácia;latin
dácsa;orosz
dafke;héber
dandy;angol
Danubius;latin
dativus;latin
de facto;latin
de jure;latin
de lege lata;latin
debilis;latin
decens;latin
decidens;angol
decizív;latin
decubitus;latin
defenesztráció;latin
defenzív;latin
defenzíva;latin
defibrilláció;latin
defláció;latin
deflektor;angol
defoliáció;latin
defoliáns;latin
defraudál;latin
degradál;latin
degradálódik;latin
degu;latin
degusztáció;latin
degusztál;latin
dehonesztáló;latin
deixis;görög-latin
déjá vu;francia
dekád;görög
dekadencia;latin
dekadens;latin
dekaéder;görög
deklasszált;latin
deklináció;latin
dekopázs;francia
dekoráció;latin
dekoratív;latin
dekretális;latin
dekrétum;latin
deléció;latin
delikvens;francia
delokalizált;latin
demagóg;görög
demagógia;görög
demars;francia
demokrácia;görög
demonstrálni;latin
denaturált;latin
denomináció;latin
denotáció;latin
denziméter;latin
denzitás;latin
denzitometria;latin
dependencia;latin
depletál;latin
depolitizál;görög
depraváció;latin
depresszió;latin
deprimál;latin
deranzsál;francia
dermisz;latin
derogáció;latin
derogál neki;latin
derogancia;latin
dervis;török
design;latin
despota;görög
despotizmus;görög
desszén;francia
destruktor;latin
destrukt?r;latin
desuetudo;latin
deszant;francia
deszorpció;latin
desztrománia;latin
determináció;latin
determinál;latin
dettó;olasz
deus siv natura;latin
deuteronomium;görög
devalvál;latin
devasztáló;latin, angol
deviáns;latin
Devla;roma
dezignált;latin
dezindusztrializáció;latin
dezinfekció;latin
dezinficiálás;latin
dezinficiens;latin
dezintegrál;latin
diafánia;görög
diafragma;latin
dialektika;görög-latin
dialízis;görög
dianetika;görög
diaré;görög
diaszpóra;görög
didaktika;görög
diffúzió;latin
digesztíva;latin
digó;olasz
dikasztérium;görög
dikció;latin
dilemma;görög
diluvium;latin
dimenzió;latin
diminuendo;olasz
diminutívum;latin
diplomatika;görög
diptichon;görög
direktív;latin
direktíva;latin
discordia;latin
diskurál;latin
disputál;francia
disszemináció;latin
disszociáció;latin
disszociatív;latin
disszonancia;latin
disszonáns;latin
distinkció;latin
diszciplína;latin
diszjunkció;latin
diszkalkulia;görög és latin
diszkontinuus;latin
diszkrimináció;latin
diszkusszió;latin
diszpareunia;latin
diszpécser;angol
diszpenzáció;latin
diszperz;latin
diszpozibilis;latin
diszpozitív;latin
disztális;latin
disztancia;latin
disztímia;latin
disztinktivitás;latin
disztópia;görög
disztribúció;latin
disztributivitás;latin
diuretikus;latin
díva;latin
divergencia;angol
diverzifikáció;latin
diverzió;latin
divizió;latin
divízionális;latin
dixi;latin
DNS;latin
doktrína;latin
doktrinér;francia
dokumentál;latin
dolente;olasz
dolina;olasz
dolmen;kelta
dolózus;latin
dolus directus;latin
dolus eventualis;latin
domesztifikáció;latin
domesztikáció;latin
Domínium;latin
dominus;latin
dompteur;francia
donjon;francia
dormancia;latin
dorziventrális;görög-latin
doxológia;görög
doyen;francia
dózse;olasz
drabant;német
dragonyos;német
dromedár;német
drusza;orosz
dualista;latin
dukál;latin
dukátus;latin
duplex;latin
duumvirátus;latin
dysphasia;görög
dzsembori;angol
dzsihád;perzsa-török
ebur;latin
echolalia;görög
edifikál;latin
ediktum;latin
efemer;görög
efemerális;görög
efendi;török
efferens;latin
egalitárius;francia
egzakt;angol
egzecíroz;latin
egzecíroztat;latin
egzekvál;latin
egzekválni;latin
egzisztál;latin
egzisztencia;latin
egzisztenciális;latin
ejakuláció;latin
ejakulál;latin
eklatáns;francia
eklekticizmus;görög, latin
eklektikus;görög
eksztatikus;görög
ektogenezis;latin
ekvatoriális;latin
ekvivalens;latin
ekvivokáció;latin
elaborátum;latin
elán;francia
elasztikus;görög
elégikus;görög-latin
elidál;latin
elimináció;latin
eliminál;latin
elit;latin
elparentál;latin
elsinkófál;görög
emancipáció;latin
emancipált;latin
emblematikus;latin
emendáció;latin
emfázis;görög
emigrál;latin
emigráns;latin
eminens;latin
eminenter;latin
emisszió;latin
emocionális;latin
empatikus;latin
empiriokriticizmus;görög-latin
emprimé;francia
en bloc;francia
endémia;görög
endokardium;latin
endokrinológia;latin
endorama;görög
endorfin;latin
endoterm;görög
engób;francia
engóbozott;francia
enigmatikus;görög-latin
enjambement;francia
enkefalitisz;latin
enklávé;francia
enteogén;görög
enteri?r;francia
enthuziazmus;görög-latin
entitás;latin
entomológia;görög
entrópia;görög
enumeráció;latin
enumeratív;latin
enunciáció;latin
epi-;görög
epidermisz;latin
epifánia;görög
epifízis;görög
epigráfia;görög
epigramma;görög
epikardium;latin
epikureus;görög
epilepszia;görög-latin
episzkopális;latin
episzkopus;latin
episztoláris;görög-latin
epithelium;latin
epitóma;görög
epoch;görög
epodosz;görög
epolett;francia
eposz;görög
equilibrista;latin
equilibrium;latin
equinox;latin
éra;latin
eradikáció;latin
ereklye;latin
ergo;latin
ergonómia;görög
erisztika;görög
erisztikus;görög
erodál;latin
Erósz;görög
eszcájg;német
eszkaláció;latin
eszkatológia;görög
eszkompt;francia
esztéta;görög
esztétika;görög
esztétikus;görög-latin
et cetera;latin
etazser;francia
etimológia;görög
etimológiai;latin
etiológia;görög
etno-;latin
etnocentrizmus;görög-latin
etnogenezis;görög
etnosztereotípia;latin
etológia;görög
eubiotika;görög
eucharisztia;görög
eudaimónia;görög
eufemisztikus;görög-latin
eufória;görög
eufórikus;görög
eutrofizáció;latin
evangélium;görög
evidens;latin
evokál;latin
ex ante;latin
ex lege;latin
ex libris;latin
Ex nunc;latin
ex post;latin
exanthema;görög
excentrikus;latin
excízió;latin
exedra;görög
exegézis;görög
exemplum;latin
exhibicionista;latin
exhibicionizmus;latin
exhortáció;latin
exigencia;latin
exitus;latin
exklamáció;latin
exklávé;francia
exkluzivitás;latin
exkommunikáció;francia
exkuzál;latin
exlex;latin
exmatrikuláció;latin
exodus;latin
exogén;görög
exoneráció;latin
exoterm;görög
expandálás;latin
expanzibilitás;latin
expediálás;latin
expediens;latin
expeditív;latin
expektancia;latin
explicit;latin
explikál;latin
exploáció;angol
exponál;latin
exponens;latin
exportálás;latin
expozíció;latin
expressis verbis;latin
expresszió;latin
exsiccosis;Latin - Görög
extenzió;latin
externista;latin
extrakció;latin
extremitás;latin
extremofil;latin
extrudálás;latin
fabliau;francia
fabula;latin
facér;latin-német
facilitál;latin
fád;francia - német
fajansz;görög
fakszimile;latin
faktikus;angol
falc;német
fallácia;latin
Fama Volat;latin
famulus;latin
fanatikus;latin
fanatizmus;latin
fango;olasz
fantaszta;görög
fantazmagória;görög-latin
fasces;latin
fátum;latin
fauna;német
favorizál;francia
fázis;görög-latin
fejler;német
felcser;német
felláció;latin
fenológia;görög
ferbli;német
feszton;francia
feudum;latin
fiaskó;olasz
fibrilláció;latin
fibróma;latin
fides;latin
fiducia;olasz (latin)
fiesta;spanyol
fifika;német
fiktív;francia
filatélia;latin
filé;francia
filiálé;latin
filigrán;latin
fíling;angol
filippika;görög
filiszter;német
filológia;görög
filoszemita;görög
filozopter;görög
filter;angol
finális;latin
finalitás;latin
finánc;francia
finanszíroz;latin
findzsa;arab
finesz;francia
firhang;német
firmamentum;latin
firnisz;német
firtel;német
fiskális;latin
fitobiológia;görög
flashback;angol
flashmob;angol
flepni;német
flexio;latin
flódni;német
florentin;olasz
flotta;francia-olasz
fluidum;latin
fluktuáció;latin
fluktuál;latin
fóliáns;latin
fonáció;görög-latin
foncsor;német
fondant;francia
fonéma;görög
foniátria;görög
fonológia;görög
formidábilis;latin
formula;latin
forte;olasz
fortepiano;olasz
fortuna;latin
fotofóbia;görög
f?tusz;latin
fra;olasz
fragilis;latin
fragmentálódás;latin
fragmentum;latin
franchise;francia
fregoli;olasz
freskó;olasz
fréz;francia
frigid;latin
frikció;latin
fringia;görög
friz?r;francia
fronézis;görög
frottír;francia
frufru;francia
fruktifikáció;latin
frusztráció;latin
früstök;német
fumaróla;latin
fundamentalizmus;latin
fundamentum;latin
fundus;latin
fungus;latin
funkcionárius;latin
futurizmus;olasz
gábli;német
galaxis;görög
galopp;francia
gang;német
garabonciás;olasz-görög
gardedám;francia
garszon;francia
gasztrológia;görög
gasztrológus;görög-latin
gasztronómia;görög
gasztronómus;görög-latin
gatter;német
gazsulál;francia
gemini;latin
gemmula;latin
genealógia;görög-latin
generatív;latin
generikus;latin
generozitás;latin
genetika;görög
genezis;görög
genitália;latin
genitivus;latin
genocídium;latin
genom;latin
genuin;latin
geokód;angol
geometria;görög-latin
geotektonika;görög
gerundium;latin
gesztus;latin
gettó;angol
gez?;szlovák
gigerli;német
gilt;német
gin;angol
glamour;angol
glaukóma;latin
gléda;német
glikémia;görög
gliptika;görög
glitter;angol
globetrotter;angol
glória;latin
glossza;görög-latin
glottológia;görög
gnóma;görög
gnomon;görög
gnomonika;görög-latin
gobelin;francia
gofríroz;francia-német
goj;héber
gourmand;latin
gourmet;francia
gradiens;latin
graféma;görög
grafológia;görög
grafománia;görög
grammatika;görög-latin
grandiozitás;olasz
granicsár;szerb-horvát
gratifikáció;latin
grátisz;latin
gravámen;latin
gravaminális;latin
grave;olasz
graviditás;latin
grémium;latin
grillázs;francia
grund;német
gründol;német
gurtni;német
guru;szanszkrit
guttáció;latin
gümnaszion;görög
hacker;angol
haemorrhagia;görög
haggada;héber
hagiográfia;görög
haik;arab
hakni;német
halef;jiddis
halleluja;héber
halma;görög
halva;török
handlé;jiddis-német
handliroz;német
handzsár;arab-török
hanzli;német
hapax legomenon;görög
hapták;német
haradzs;Török
haruspex;latin
haszid;héber
havária;arab
hebefrénia;görög
hébli;német
hecc;német
hecsedli;német
hedonista;görög
hedonizmus;latin
hektikus;görög
heliofil;görög
heliosztát;görög
hemakromatózis;latin
hemiszfera;görög
hemodiagnózis;görög
hemokultúra;görög-latin
hemorrágia;görög
hendikep;angol
herbalizmus;latin
herbicid;latin
hermeneutika;görög
hernia;latin
heroizál;görög
heterogenitás;görög-latin
heteroklitikus;görög
hetman;lengyel
heurisztikus;görög
hibernáció;latin
hidrolízis;görög
hierophánia;görög
higiénia;görög
higrométer;görög
himpellér;német-német
himpér;német
hiperbola;görög
hiperkorrekció;latin
hiperszonikus;görög
hipochonder;görög
hipofízis;latin
hipoglikémia;latin
hipokrita;görög
hipotetikus;görög-latin
hipotézis;görög
hipoxia;latin
hippotherápia;görög
hipszter;angol
hisztogram;latin
hisztológia;görög
hoax;angol
hoboszexuális;angol
hofíroz;német
holizmus;görög
holokausztum;görög
hombár;perzsa
homeosztázis;görög
homo homini lupus;latin
homo sapiens;latin
homoioteleuton;görög
homoiusion;görög
homonim;görög
homousion;görög
homunculus;latin
honoris causa;latin
hoplita;görög
horizont;görög
horizontális;görög
horribile dictu;latin
hospes;latin
hosztilis;angol
hózentróger;német
humán;latin
humanizál;latin
humanizmus;latin
humanoid;latin
humánus;latin
hübrisz;görög
hücpe;héber
ianitor;latin
ibrik;arab
ichtiológia;latin
icterus;latin
identitás;latin
ideogramma;görög
idiografika;görög
idiografikus;latin
idiopathiás;latin
idióta;latin
ignorál;latin
ignorancia;latin
ikonoklaszmosz;görög
ikonoklasztázia;görög
ikonoklazmus;görög
illimitált;latin
illiterátus;latin
illumináció;latin
illuminált;német
illuminátor;latin
illusztrál;latin
illúzió;latin
illuzórikus;latin
image;francia
imaginábilis;latin
imaginárius;latin
imba;angol
imidzs;angol
immanencia;latin
immanens;latin
immatrikuláció;latin
immodesztia;latin
immorális;latin
immunis;latin
impedancia;latin
imperatív;latin
imperatívusz;latin
imperátor;latin
implicit;latin
implicite;latin
imponál;latin
imponáló;latin
imponderabilia;latin
impregnálás;latin
impresszál;angol
impresszárió;olasz
impresszív;latin
impresszum;latin
impudens;latin
impulzív;latin
in absentia;latin
in aeternum;latin
in dubio mitius;latin
in effectu;latin
in effigie;latin
in flagranti;latin
in foro;latin
in medias res;latin
in memoriam;latin
in praesentia;latin
in vino veritas;latin
in vitro;latin
in vivo;latin
inalienábilis;latin
incidencia;latin
incipiál;latin
incipiens;latin
incipit;latin
incizum;latin
indecizív;latin
indefinit;latin
independencia;angol
independens;angol
indikáció;latin
indoktrináció;latin
indukáció;latin
indukál;latin
indukció;latin
induktív;latin
indusztriális;latin
indusztrializáció;francia
inexplanábilis;latin
infámis;latin
infantilis;latin
infekció;latin
infekciózus;latin
infektív;latin
infektológus;latin
infinitás;latin
infláció;latin
ingerencia;latin
inherens;latin
iniciatíva;latin
injekció;latin
injúria;latin
inkognitó;olasz
inkompatibilis;latin
inkongruencia;latin
inkorporál;latin
inkrementális;latin
inkrementalizmus;latin
inkrusztáció;latin
inkunábulum;latin
inkurrencia;latin
inkurrens;latin
inspiciálás;német
instancia;latin
institúció;latin
instruktív;latin
instrumentális;latin
instrumentum;latin
inszcenálni;latin
inszinuáció;latin
integrálás;latin
integráns;latin
integratív;latin
intelligibilis;latin
intenció;latin
intendál;latin
intenzív;latin
interaktív;latin
interdiszciplináris;latin
interferencia;latin
intergovernamentalizmus;angol
internacionalizmus;angol
internátus;latin
interoceptív;latin
interpelláció;latin
interpretálás;latin
interpretatív;latin
interrumpitur;latin
interrupció;latin
intersztelláris;angol
intervallum;latin
intracelluláris;latin
intronizáció;görög-latin
introvertált;latin
introverzió;német,latin
intuíció;latin
intuitív;német
invariáns;latin
invenció;latin
invenciózus;latin
inventárium;latin
inventarizáció;latin
invizíbilis;latin
invokáció;latin
involváció;latin
inzuláris;latin
inzulin;latin
inzultál;latin
inzultus;latin
ipa;latin
ipekakuána;portugál
ipso facto;latin
irónia;görög-latin
irredenta;olasz
irredentizmus;olasz
irreguláris;latin
irreleváns;latin
irritábilis;latin
irritál;latin
isiász;latin
istráng;latin
item;latin
iteratív;latin
itinerárium;latin
ius;latin
izobát;görög
izoglossza;görög
izolacionizmus;latin
izometrikus;görög-latin
izoprén;görög
izoterma;görög
izotónia;görög
izotóp;görög
izsóp;görög-latin
jáger;német
jambus;görög
janicsár;török
jantra;szanszkrit
jatagán;török-tatár
jatrogén;görög
jenki;angol
jolle;holland
joviális;latin
jubileum;héber
junker;német
jupon;francia
jurátus;latin
juridice;latin
juridikus;latin
juriszdikció;latin
juvenilis;latin
Kabbala;héber
kabinet;francia
kackiás;német
kaddis;héber-arámi
káder;francia
kadét;orosz
kafetéria;francia
kajüt;német
kakofemizmus;görög-latin
kakofónia;görög
kakológia;görög
kalamajka;ukrán
kalamáris;latin
kalamus;latin
kalanetika;görög
kalendárium;latin
kaliber;görög-német
kalici;latin
kalifa;arab
kalkográfia;görög
kalkotípia;görög
kalligráfia;görög
kalligramma;görög
káló;görög
kalogathia;görög
kamgarn;német
kamin;német
kampány;francia
kamuflál;francia
kanalizáció;latin
kanavász;görög
kandidál;latin
kaniszter;latin
kannelura;görög
kántál;latin
kantin;francia
kápa;latin
kapilláris;latin
kapituláció;latin
kapitulál;latin
kapriciózus;francia
kapszaicin;latin
karagöz;török
karakterisztika;görög
karakterológia;angol
karantén;olasz
karcinogén;görög
karitatív;latin
karma;szanszkrit
karmazsin;arab
karmonádli;német
karnevál;latin
karosszéria;olasz
kasírozás;francia
kaspó;francia
kaszírn?;német
kászli;német
kasztráció;latin
katafalk;olasz
kataklizma;görög
katalepszia;görög
katalógus;görög-latin
katarakta;görög
katartikus;latin
katarzis;görög
kataszter;latin
katedra;latin
katekéta;görög
katekizmus;görög
katorga;orosz
kausztikum;görög
kausztikus;görög
kauzalitás;latin
káva;polinéz
kázus;latin
kemotaxis;arab+görög
kerámia;görög
kerozin;görög
khitón;görög
kibernetika;görög
kilt;skót
kiméra;görög
kinetika;latin
kinetikus;latin
kinezika;görög
kioszk;török
kiromantia;görög
kirurgus;görög-latin
kisztihand;német
klakör;francia
klapancia;német
klapec;cseh
klasszifikál;latin
klastrom;latin
klaszter;angol
klauzula;latin
klauzúra;latin
klaviatúra;német
klázli;német
klenódium;latin
klepszüdra;görög
klerikális;latin
klerikus;latin
klérus;latin
klikk;holland, francia
klinikum;görög-latin
klón;görög
klopacska;szlovák
kniff;német
kóda;olasz, latin
kodifikáció;latin
kodifikált;latin
kodikológia;görög
koedukáció;latin
koercitív;latin
kofinanszírozás;latin
kognitív;latin
kognitív disszonancia;latin
koherens;latin
kohorsz;latin
koincidencia;latin
koitusz;latin
kokettál;német
kókler;német
kolerikus;görög
kollacionál;latin
kollekció;latin
kollektív;latin
kollektíva;latin
kollektivizmus;latin
kollokáció;latin
kollokvialitás;angol
kollokvium;latin
kollúzív;latin
kolofon;görög
kolónia;latin
kolumbárium;latin
kométa;görög
komilfó;francia
komissió;latin
komité;francia
komitológia;angol
kommentátor;latin
kommenzurábilis;latin
kommenzurabilitás;latin
kommercializál;latin
kommersz;francia
kommunikatív;latin
kommutáció;latin
kommüniké;francia
komorna;szláv
komornyik;szláv
kompánia;francia-olasz
komparátor;latin
kompasz;olasz
kompatibilis;latin
kompendium;latin
kompetencia;latin
kompetens;latin
kompetitív;latin
kompiláció;latin
komplentatív;angol
komplettírozás;latin
komplexum;latin
komponens;latin
kompozit;latin
kompresszibilitás;latin
kompromisszum;latin
kompromittál;latin
komputál;angol
komputus;latin
koncepció;latin
koncepciózus;latin
konceptualizmus;latin
koncesszió;latin
koncesszor;latin
kondenzátor;latin
kondicionálás;latin
kondoleál;latin
kondomínium;latin
konduktív;latin
konduktív nevelés;latin
konfabuláció;latin
konfekció;latin
konfekciós szövet;latin
konfidencia;latin
konfiguráció;latin
konfliktus;latin
konfrontál;latin
konfrontatív;latin
konfundál;latin
konfúzus;latin
kongeniális;latin
konglomeráció;latin
kongregáció;latin
kongruál;latin
konjugáció;latin
konjugál;latin
konjunktúra;latin
konklúzió;latin
konkordátum;latin
konkrét;latin
konkrétum;latin
konkvisztádor;spanyol
konnexió;latin
konnotáció;latin
konnotatív;latin
konstatáció;latin
konstelláció;latin
konstituál;latin
konstitúció;görög
konstitucionális;latin
konstitutív;latin
konstruktor;latin
konszangvinikus;latin
konszern;angol
konszolidál;latin
konszummál;latin
kontaktus;angol
kontanimáció;angol
kontesztál;latin
kontextuális;latin
kontextus;latin
kontradikció;latin
kontradiktórius;latin
kontraindikáció;görög
kontraktus;latin
kontravenció;latin
kontraverzió;latin
kontroll;angol, francia
kontúr;francia
konvekció;latin
konvenció;latin
konvencionális;latin
konvent;latin
konvergencia;latin
konverzáció;latin
konviktus;latin
konzerválás;latin
konzervativizmus;latin
konzílium;latin
konzisztencia;angol
konzisztens;latin
konzultáns;latin
konzumció;latin
kooperatív;latin
kooptáció;latin
koperta;lengyel
kopf;német
kopra;maláji
kordon;francia
korifeus;görög
korporáció;latin
korporatív;latin
korporatizmus;latin
korpulens;latin
korpuszkula;latin
korrelatív;latin
korrelátum;latin
korrupció;latin
kortina;olasz
korvett;francia
kóser;héber
kothornosz;görög
kóved;héber
kozmogónia;görög
kozmopolita;görög
kozmosz;görög
kozmoszemiotika;görög
ködmön;török
krach;német
krampácsol;szlovák
krampampuli;német
krampusz;német
krapek;szlovák
kravátli;horvát
kredibilitás;latin
krédó;latin
kretek;indonéz
kreténizmus;latin
kriminalisztika;latin
kriológia;görög
kripli;angol
kripton;görög
krisztianizál;görög
kriticizmus;görög-latin
kritika;görög–latin
krizeológia;görög + latin
Kr?zus;görög
krupié;francia
kucséber;német
kufár;német
kulák;orosz
kulmináció;latin
kultivál;latin
kumulál;latin
kumulatív;latin
kuncsaft;német
kundalíni;szanszkrit
kunnilingváció;latin
kuplung;német
kurátor;latin
kurbli;német
kurfli;német
kúria;latin
kurzor;francia
kushad;német
kuzin;francia
küret;francia
kvadrafónikus;latin-görög
kvalifikáció;latin
kvalitás;latin
kvalitatív;latin
kvantor;latin
kvártély;francia
kvaterka;lengyel
kvaterkázás;lengyel
kvázi;latin
kvietál;latin
kvietista;latin
kvintesszencia;latin
kvódlibet;cseh
kyrie eleison;görög
labiodentális;latin
laboráns;latin
láger;német
laikus;latin
lajbi;német
lájkol;angol
lajtorja;német
lakonikus;görög-latin
lakonizmus;görög
lamella;latin
lanugo;latin
lapidáris;latin
lapidárium;latin
laringoszkóp;görög
látencia;latin
látens;latin
latifundium;latin
lator;görög/latin
lavage;francia
lavatio;latin
lavatorium;latin
lébecol;német
ledér;francia
legátus;latin
legírozás;francia
legista;latin
lejsztol;német
lektika;latin
lekt?r;francia
lemma;görög
lénia;latin
lénung;német
leprosorium;latin
ler;német
leukocitózis;görög
leviatán;héber
lexikális;görög-latin
lezser;francia
liber;latin
libikóka;latin
licenc;latin
lícium;latin
líd;angol
liezon;francia
lignikol;latin
likopódium;latin
likviditás;latin
limfocita;latin
limnikus;görög-latin
lingvális;latin
líra;görög
litánia;görög-latin
literális;angol
litográfia;görög
liturgia;görög
livré;francia
logaritmus;angol
logisztika;görög
logosz;görög
lokalizáció;latin
lokalizál;latin
lokálpatrióta;latin
lombik;arab
lounge;angol
lózung;német
lubricantia;latin
lucidum intervallum;latin
lukratív;latin
lumbágó;latin
lumen;latin
lump;német
lusztráció;latin
luxuria;latin
lúzer;angol
lüszter;francia
macerál;latin
machiavellizmus;latin
madám;francia
madzsong;kínai
magna cum laude;latin
majesztás;latin
majica;szerb
majordómusz;latin
majoritás;latin
makrobiotika;görög
makrocita;görög
makroszkopikus;görög-latin
malícia;latin
maliciózus;latin
malignus;latin
malnutríció;latin
mammalógia;görög
manga;japán
manifesztáció;latin
manifesztál;latin
manifesztum;latin
manír;francia-német
manirizmus;francia
marginalizál;latin
márki;francia
maroquin;francia
marrán;spanyol
martalóc;török
mártír;görög
marzs;francia
masina;német
maszkulin;latin
materialista;latin
maternitás;latin
matriarchális;latin
matrikula;latin
matrimónium;latin
mátrix;latin
maturandus;latin
maxima;latin
mazel tov;héber
mazsorett;francia
mea culpa;latin
mecénás;latin
mecset;török
mediastinum;latin
mediátor;latin
medicina;latin
médium;latin
meiózis;görög
melanizmus;görög-latin
meliorál;latin
melodiárium;latin
memoár;francia
meniszkusz;görög
menopauza;görög
menüett;francia
meritokrácia;latin
meritokratikus;latin
merkantilizmus;francia
messiás;héber
mesüge;jiddis
metakommunikáció;görög+latin
metanarratív;latin
metanoia;görög
metodikus;görög-latin
metodológia;görög
metrika;görög-latin
metrológia;görög
metropolita;görög
metroszexuális;latin
migráció;latin
migrálás;latin
migráns;latin
mihrab;arab
mikrocenzus;görög
miniszter;latin
minoritás;latin
minutum;latin
miokardium;latin
miópia;görög
mirákulum;latin
misling;német
misung;német
misztifikál;francia
misztikus;görög
mitokondrium;görög
mítosz;görög
mitózis;görög
mizogám;görög
mizogin;görög
mnemotechnika;görög
moderato;olasz
modus;latin
mofetta;latin
molosszer;latin
monachális;latin
monarcha;görög, latin
monász;görög
monetáris;latin
monetizálás;latin
monitorozás;angol
monográfia;görög
monoista;görög-latin
monokrácia;görög
monomorf;görög
monopólium;görög
monoton;görög
monstruózus;latin
montázs;francia
moralitás;latin
moratórium;latin
mordskerl;német
mószerol;héber
motiváció;latin
mottó;olasz
mufti;török
multifaktoriális;latin
multikauzális;olasz
municipalista;latin
municípium;latin
murok;román
mustonos;latin
muszlim;arab
mutagén;latin
mutuális;latin
múzsa;francia
müezzin;arab
myopia;görög
naevus;latin
naiv;latin
nano-;görög
nargilé;arab
narratív;latin
narratíva;latin
natív;angol
nativizmus;latin
nazális;latin
negál;latin
negentrópia;latin
negligencia;latin
neglizsé;francia
nekrológ;görög
nekropszia;német
nektárium;latin
neofasiszta;olasz
neokolonializmus;latin
neoliberalizmus;angol
neológ;görög
neonatológia;latin
nepper;orosz
nervózus;német
neszesszer;francia
nett;német
neuralgikus pont;latin
neutralizáció;görög
nexus;latin
nihil;latin
nihil nisi bene;latin
nímand;német
nimbusz;latin
nivellál;francia-latin
nizám;arab
noéma;görög
nomenklatúra;latin
nomofóbia;angol
nonchalance;francia
nonszensz;angol
nória;arab
nota bene;latin
novícia;latin
novíciátus;latin
novícius;latin
novum;latin
nörsz;angol
numizmatika;görög
numizmatikus;latin
nuncius;latin
nút;német
nutáció;latin
nüansz;francia
nüanszíroz;francia
obedár;szlovák
óber;német
óbester;német
obligát;latin
obligatív;latin
obligatórius;latin
obsit;német
obsitos;német
obstipál;latin
obulus;görög-latin
occidens;latin
occidentalis;latin
ódium;latin
offé;francia
office;angol
officiózus;latin
offshore;angol
ofszet;angol
ohne;német
oikumené;görög
okcidens;latin
okcidentális;latin
okkludál;latin
okkult;latin
okkultáció;latin
okkultista;latin
okkultizmus;latin
okkupáció;latin
okkupál;latin
okszimoron;görög
oktogon;latin
okuláció;latin
okumé;francia
oligarcha;latin
oligo-;görög
oligokrácia;görög
ombudsman;svéd
ómen;latin
ominózus;latin
ommatídium;latin
omnium;latin
on-line;angol
onomatofóbia;latin
onomatopoeitikus;görög
ontológia;görög
operatív;latin
opponál;latin
opportunizmus;latin
orbis;latin
organikus;görög-latin
orgánum;latin
oriens;latin
ornamentika;latin
ortodox;görög
ortotróp;görög
ortotropikus;görög
osphyxia;latin
ossarium;latin
osteoblast;görög
osteoclasis;görög
osteocyta;görög
osteolysis;görög
osteoma;görög
osteomalacia;görög
osteomyelitis;görög
osteosis;görög
osteria;olasz
oszteoporózis;görög
osztracizmus;ógörög
osztrakiszmosz;görög
ovális;latin
oviductus;latin
ovoszkóp;latin
ovuláció;latin
oxyológia;latin
ózon;latin
ozvena;szlovák
ökonómia;görög
ökonómus;német
ökoszisztéma;latin
ösztrogén;latin
pacifikál;latin
pacifikátor;latin
pádimentom;latin
pakulár;román
paleontológia;görög
paletot;francia
palimpszesztus;görög-latin
palinódia;görög-latin
paliszád;Francia
palliatív;latin
panácea;görög
panamista;francia
pandémia;görög
panegyricus;latin
panganét;német
pangenezis;görög
pankrónia;görög
panta rhei;görög
papedli;angol
par excellence;francia
para-;latin
parabellum;latin
parabola;görög-latin
paradigma;görög
paradigmatikus;görög
parainézis;görög
paralizál;latin
paralogizmus;görög
paramilitáris;görög-latin
parang;maláj
paraplé;francia-német
paraplegia;görög
parataxis;görög
parathormon;latin
parázna;szláv
parciális;latin
parere;latin
paritás;latin
parókia;görög-latin
parokializmus;latin
partecédula;francia
partikuláris;latin
partíta;olasz
partitúra;olasz
Partium;latin
partvis;német
parúzia;görög
pasa;török
passio;latin
passzió;latin
passzionátus;latin
passzus;latin
paszpartu;francia
pasztoráció;latin
pasztorális;latin
patália;olasz
paténa;latin
pátens;latin
páter;latin
patetikus;görög
pátosz;görög
pátria;latin
patriarchális;görög
patriarchátus;görög
patriotikus;latin
patriszta;latin
patronál;latin
patrónus;latin
pausále;német
pavane;olasz
pech;német
pecunia;latin
pedagógus;görög
pedáns;olasz
pederaszta;görög
pedestrian;latin
pediculoszisz;latin
pedigré;francia
pedlár;angol
pedofil;görög
pedoszféra;latin
pegazus;görög
pejoratív;latin
pejsli;német
penetráció;latin
penumbra;latin
penzum;latin
peplum;görög
per se;latin
percepció;latin
peregrinus;latin
perfid;latin
perforáció;latin
performatív;angol
perfúzió;latin
pergola;olasz
perigeum;görög
perihélium;görög
perikopa;görög
periméter;görög
periódus;latin
peripatétikus;görög
peripterosz;görög
periszelénium;görög
perisztaltika;latin
perisztülion;görög
perjel;latin
permanens;latin
permutábilis;latin
permutáció;latin
permutál;latin
perpendiculum;latin
persona non grata;latin
perszeverancia;német
perszeveratív;latin
perszonalizáció;latin
perszonálunió;latin
pertraktál;latin
phalanx;görög
philippika;görög
phülé;görög
piarista;latin
pictura;latin
pietista;latin
pietizmus;latin
piké;francia
pikszis;görög
piktogram;görög
piktor;latin
pilon;görög
pimf;német
pinxit;latin
piroplazmózis;görög
piscina;latin
piszlicsáré;szerb-horvát
piszton;olasz-francia
pittoreszk;latin
pitvar;szláv
plajbász;német
planctus;latin
planéta;görög
planiszféra;görög
pleiotrópia;görög
plektron;görög-latin
pleonazmus;görög, latin
pliszíroz;francia
plombál;latin
pluma;latin
plumbum;latin
plurivalencia;latin
plutokrata;görög
pocik;szlovák
podagra;görög
podzol;orosz
poeta doctus;latin
poézis;görög
pogrom;orosz
polarizál;görög
polémia;görög
poliamoria;görög
policentrikus;görög-latin
poliglott;görög
poliklinika;görög
polimerizáció;latin
polisz;görög
politeista;görög-latin
politeizmus;görög-latin
pollen;latin
poltergeist;német
pomádé;francia
populizmus;latin
porphyria;görög
portfólió;latin
portó;olasz
possessor;latin
post harvest;angol
posztamentum;latin
posztulátum;latin
posztumusz;latin
pönalizál;francia
pradzsnyá;szanszkrit
praedium;latin
praeterintencionális;latin
praetor;latin
pragmatika;görög
pragmatikus;görög-latin
pragmatizmus;angol
praxernia;latin
praxiológia;görög
praxis;görög
preambulum;latin
predella;olasz
prédikáció;latin
predikátum;latin
prefáció;latin
preferencia;latin
preferenciális;latin
prefixum;latin
prégel;latin
preglaciális;latin
prekaritás;angol
prekaució;latin
prekonceptuális;latin
prekurzor;latin
premissza;latin
premizálás;latin
preokkupáció;latin
prepozíció;latin
presbiter;görög
preskriptív;latin
press;angol
pretenciózus;latin
pretextus;latin
pretoriánus;latin
prezidium;latin
prézli;német
prézsmitál;latin
prezumptív;latin
pribék;német
prikézsiás;roma
primárius;latin
primogenitúra;latin
primus inter pares;latin
principális;latin
principátus;latin
princípium;latin
printer;angol
priusz;latin
priváció;latin
priznic;német
priznicel;német
pro bono;latin
pro forma;latin
proaktív;latin
procedurális;latin
processzió;latin
prodromális;latin
produktív;latin
profán;latin
professzionális;latin
próféta;görög-latin
profilaktikus;görög-latin
profilaxis;latin
progeszteron;latin
prognózis;görög
progresszió;latin
progresszív;latin
project;angol
projektum;latin
prókátor;latin
proklamáció;latin
proklamálni;latin
proletár;latin
proletariátus;latin
promenade;francia-német
promotálás;angol
pronál;latin
proporcionális;latin
proprioreceptív;latin
propülaia;görög
proskripció;latin
prospektus;latin
prosperitás;latin
prosztó;szláv
protektor;latin
protokoll;latin
protokollum;görög-latin
prototípus;görög-latin
providencializmus;latin
provincia;latin
prozódia;görög
prudens;latin
pszalmusz;görög
pszeudo-;görög
pszichedelikum;latin
pszichedelikus;angol
pszichoanalízis;görög
pszichogenezis;görög
pszichológia;görög
pszichopata;görög
pszichopatalógia;görög
pszichózis;görög
publikáció;latin
puccs;német
puceráj;német
pulmonológia;latin
pulmonológus;latin
punktuáció;latin
puritán;latin
quadriga;latin
quantum;latin
quasi;latin
quid pro quo;latin
rabatt;német
ráció;latin
racsni;német
radikális;latin
radikalizálódik;latin
radix;latin
rádli;német
ragalja;szláv
ragtime;angol
rahedli;jiddis
random;angol
rapsic;német
ratifikáció;latin
ratifikálás;latin
reagens;latin
reakció;latin
reanimál;latin
recenzens;latin
recenzió;latin
recepció;latin
receptív;latin
recesszió;latin
reconqista;spanyol
redakció;latin
redemptio;latin
redivivusz;latin
redukció;latin
redundancia;latin
refektórium;latin
referatúra;latin
referendum;latin
reflektál;latin
reflektív;latin
reflexió;latin
reform;francia
refraktárius;latin
refraktor;görög
refúgium;latin
regále;latin
regatta;olasz
régens;latin
regiszter;latin
regnum;latin
regresszió;latin
regula;latin
reguláció;latin
reguláris;latin
regulatív;latin
rekapitulál;latin
rekcumoz;német
rekognizál;latin
rekonkviszta;latin
rekrimináció;latin
rekruta;angol
rektális;latin
rektaszcenzió;latin
rektor;latin
rekultiváció;latin
rekurzív;latin
relevancia;latin
releváns;latin
reliabilitás;latin
relief;francia
religio;latin
remake;angol
remédium;latin
reminiszcencia;latin
remittenda;latin
remíz;francia
reorganizál;latin
reparáció;latin
repellens;latin
repertoár;francia
repertórium;latin
repetitív;latin
reprezentáns;latin
reprezentatív;latin
reprodukál;latin
republikánus;latin
reputáció;latin
requiem;latin
respektus;latin
restancia;latin
restitúció;latin
restrikció;latin
restriktív;latin
reszkír;német
reszocializáció;latin
reszorpció;latin
reszort;angol
retikül;latin
retina;latin
retro;latin
retzina;görög
revans;francia
reverzális;latin
revideál;latin
revideálás;latin
revolúció;latin
rezervátum;latin
rezignált;latin
rezisztens;latin
rezon?r;francia
rezsim;francia
rezümé;francia
ribillió;olasz
riccelés;német
rigid;angol
rigor mortis;latin
rigorozitás;latin
ringlispil;német
riposzt;latin
risorgimento;olasz
rivalda;olasz
rivalizál;latin
rivalizálás;latin
rizalit;olasz
roboráció;latin
robusztus;latin
rolni;német
romboéder;görög
romboid;görög
romungró;roma
rosálás;francia
rotunda;latin
rubiginózus;latin
rubin;latin
rubrika;latin
ruina;latin
rúna;skandináv
rurális;latin
rusztika;latin
rükverc;német
rüsztung;német
sábeszdekli;jiddis
sablon;német
sacer;latin
saga;Óskandináv
sajtár;német
salejzni;német
samesz;jiddis
sansz;német
sanzon;francia
sapientia;latin
saráda;francia
sármos;francia
sasíroz;német
scientia;latin
secco;olasz
secretarius;latin
sensus;latin
Septuaginta;latin
sfumato;olasz
sibling;angol
sibolet;héber
sic;latin
sifli;német
sifríroz;francia
sikkes;német
siksze;jiddis
sillabusz;görög
sine qua non;latin
sinkorán;francia
sintoizmus;japán
sipsirica;lengyel
sitis;latin
skandalum;latin
skizma;görög
skizofrén;görög
skizofrénia;görög
skolasztika;latin
slafrok;német
slampos;német
slendrián;német
sligovica;szerb
smarni;német
smirgli;német
smonca;német
smukk;német
snájdig;német
snidling;német
soa;héber
sommelier;francia
sommitás;francia
sovinizmus;francia
sparhelt;német
spasztikus;görög-latin
spazmus;latin
specifikál;latin
spektákulum;latin
spektrum;latin
spekuláció;latin
spicli;német
spíler;német
spinning;angol
spion;francia, német
spirituális;latin
sponsio;latin
spontaneitás;latin
spór;német
sporádikus;görög
sporadikus;görög-latin
srég;német
stabil;latin
stabilizáció;latin
stáció;latin
stádium;latin
stafli;német
stallum;latin
standardizált;angol
stanicli;német
status quo;latin
státusz;latin
sterilizálás;latin
stifolder;német
stilisztika;német
stipuláció;latin
stoma;görög
stráf;német
strájmodli;német
strájszetter;német
strassz;német
stréber;német
striga;latin
stróman;német
strudli;német
struktúra;latin
strumpfandli;német
stukker;német
Styx;görög
sub rosa;latin
suba;szláv
subcutan;latin
subler;német
sublót;német
summa cum laude;latin
summa summarum;latin
summás;latin
summáz;latin
suppuratio;latin
suszter;német
svindli;német
svung;német
szabotál;francia
szabotázs;francia
szakrális;latin
szalina;szláv
szalvátor;latin
szamaritánus;héber
szamizdat;orosz
szamovár;orosz
szanál;latin
szanált;latin
szanitárius;latin
szaprofita;görög
szarkasztikus;latin
szárma;török
szatellit;francia-angol
szatén;arab-német
szatírikus;latin
szatócs;török
szaturáció;latin
szcenikus;görög
Szcientológia;latin és görög
szegment;latin
szekátor;latin
szekatúra;olasz
szekcionál;latin
szekkó;latin
szekta;latin
szekularizáció;latin
szekularizál;latin
szekunda;latin
szekundum;latin
szekventálás;angol
szeladon;francia
szelektáció;latin
szelektál;angol
szelfi;angol
szemantika;görög
szemantikus;angol
szeminárium;latin
szemiológia;görög
szemiotika;görög
szemitológia;görög
szemivokális;latin
szenátus;latin
szentencia;Latin
szentenciális;latin
szentenciózus;latin
szentimentális;angol
szenzualizmus;latin
szeparált;latin
szeptikus;latin
szerdár;török
szeri?z;francia
szerotonin;görög
szérum;latin
szerva;angol
szerver;angol
szerviens;latin
szervilis;latin
szervilizmus;latin
szerzsánt;orosz
szexepil;angol
szextáns;latin
szfinx;görög
szfragisztika;görög
sziderikus;latin
szigillográfia;görög-latin
szignifikáns;latin
szilencium;latin
szillogizmus;görög
sziluett;francia
szimandron;görög
szimpátia;görög-latin
szimpozion;görög
szimpózium;görög
szimulákrum;latin
szindikáció;latin
szinekúra;latin
szinergia;görög
szinergikus;görög
szinguláris;latin
szinklinális;görög
szinkronizálás;görög
szinopszis;görög
szinoptika;görög
szinoptikus;görög
szinorogén;görög
szintaktika;görög
szintaxis;görög-latin
szintézis;görög
szipoj;perzsa
szirén;görög
szkábiesz;latin
szkarn;svéd
szkato-;görög
szkenner;angol
szkeptikus;görög
szkiofil;görög
szkizma;görög
szkréper;angol
szlavizmus;latin
szleng;angol
szlogen;görög
szmétál;szerb
szociabilitás;latin
szocialista;latin
szocietális;latin
szociolingvisztika;angol
szociometria;latin
szofisztikált;latin
szofizma;görög
szofta;perzsa, török
szolarizáció;latin
szolidaritás;francia
szolipszizmus;latin
szoliter;francia
szolunáris;latin
szomatív;latin
szomnambulizmus;latin
szonár;angol
szonáta;olasz
szonett;olasz
szoporifikus;francia
szorobán;japán
szoteriológia;görög-latin
szpáhi;török
sztahanovista;orosz
sztaniol;latin
sztarec;orosz
sztaszimon;görög
sztenográfus;angol-latin
sztenogram;angol
sztereobatész;görög
sztereométer;görög
sztereotípia;görög
sztereotipikus;görög
sztoa;görög
sztochasztikus;görög
sztoikus;görög
sztomatológia;görög
sztöchiometria;görög
sztrapacska;szlovák
szubaltern;latin
szubdukció;latin
szubjektív;latin
szubjektum;latin
szubordináció;latin
szubordinacionizmus;latin
szubordinál;latin
szubsztantív;latin
szubsztilis;latin
szubsztitúció;latin
szubsztrátum;latin
szubszumál;latin
szubszumálás;latin
szubtilis;latin
szubvenció;latin
szubvencionálni;latin
szufficit;latin
szuiciditás;angol
szuicidum;latin
szuperior;latin
szuperioritás;latin
szupinál;latin
szupplementum;latin
szupplikáns;latin
szupraindividuális;latin
szupremácia;latin
szúra;arab
szurrogátum;latin
szuterén;latin, francia
szuverenitás;francia
szüfrazsett;francia-angol
szünhedrion;görög
szüzsé;francia
tabernákulum;latin
tabloidizáció;angol
tabula rasa;latin
tabulatúra;latin
tafefóbia;görög
tafonómia;görög
talár;latin-német
talentum;görög-latin
talio;latin
talizmán;görög-arab
tambura;görög
tampon;francia
tantiém;francia
tap?r;francia
tarándszarvas;latin
tarantasz;orosz
tarlatán;francia
tasztatúra;német
tattva;szanszkrit
tausz;héber
tautológia;görög-latin
taverna;görög
taxidermia;görög
taxidermista;görög
taxonómia;görög
teátrális;latin
techné;görög
technokrácia;angol
technokrata;angol
teizmus;görög
telekommunikáció;latin
teleologika;görög
telepátia;görög
telonium;latin
télosz;görög
temperamentum;latin
tempíroz;német
tendencia;francia
tendereztetés;angol
teodicea;görög
teológia;görög
teoréma;görög
teoretikus;görög
teória;görög-latin
terapeuta;görög
teratogén;görög
terime;latin
terminus;latin
terminus technicus;latin
termográfia;görög
termosztát;görög
terofiton;görög
terrakotta;olasz
tertius;latin
tesztoszteron;latin
tetra-;görög
teutomán;latin-görög
tezauráció;görög-latin
tezaurál;görög-latin
tezaurálás;görög-latin
thorax;görög
tiara;perzsa-latin
tibia;latin
tinnitus;latin
tipográfia;görög
tipológia;görög
tirannikus;görög
tirpák;szlovák
titulus;latin
tohuvabohu;héber
topcsi;török
topológia;görög
toponímia;görög
toposz;görög
toroidális;görög-latin
tószt;angol
totalitárius;latin
totalitarizmus;latin
toxicitás;latin
trachea;latin
tradicionális;latin
trajektória;latin
traktátus;latin
transzcendens;latin
transzcendentális;latin
transzfermoratórium;latin
transzszonikus;latin
transzszubsztanciáció;latin
tranzakció;latin
tréma;német
trezor;francia
tribunus;latin
trikolor;latin
trilógia;görög
trimmel;német
triptichon;görög
triptofán;latin
triumvirátus;latin
triviális;latin
troglodit;görög
trojka;orosz
tromba;olasz
trombocita;latin
trufa;olasz
tuberkolózis;latin
tugra;török
turbán;perzsa
turma;latin
tutéla;latin
tutela in puberum;latin
tutela mulierum;latin
tutor;latin
türbe;török
ubikviter;latin
unduláció;latin
unikális;latin
unisono;olasz
unitárius;latin
unitus;latin
univerzále;latin
unterlág;német
usebti;egyiptomi
uszkve;latin
uterus;latin
utópia;görög
uzurpátor;latin
úzus;latin
überel;német
vademecum;latin
vadium;latin
vagabundus;latin
valeológia;latin
valid;angol
valorizáció;latin
vamp;angol
variábilis;latin
variancia;latin
variáns;latin
variátor;latin
varicella;latin
vaszkuláris;latin
vazallus;kelta
veduta;olasz
vehemens;latin
vekker;német
velocipéd;latin
verdikt;latin
verdung;német
verifikál;latin
vernakuláris nyelv;latin
versus;latin
vestibule;latin
veterán;latin
vetturino;olasz
vexillum;latin
vice versa;latin
vicinális;latin
vikárius;latin
viktimológia;latin+görög
vircsaft;német
virtigli;német
vis intertiae;latin
vis maior;latin
visni;német
vitae;latin
vitalicium;latin
vitális;latin
vitalitás;latin
vitrifikáció;latin
vivárium;latin
viviszekció;latin
vizaví;francia
vokalizáció;latin
voluntarizmus;latin
votív;latin
voucher;angol
vulgarizál;latin
wellness;angol
xeno-;görög
xenofóbia;görög
xenomorf;görög
xerofita;görög
zabrál;szláv
zaft;német
zakuszka;orosz
zambo;spanyol
zegernye;orosz
zelóta;görög
zenit;arab
ziccer;német
ziherejszt?;német
zodiákus;görög
zsargon;francia
zsener?z;francia
zseniális;latin
zseton;francia
zsinagóga;görög
zsoké;angol
zsold;latin
zsolozsma;szláv
zsurnaliszta;francia
zuáv;sémi
zupás;német
